{
    "indexLbImg":[
        {"img":"../../static/sy/1-1910231j0435o.jpg","url":"/news"},
        {"img":"../../static/sy/1-1zz31hs54l.jpg","url":"/case"},
        {"img":"../../static/sy/1-1z91113462i54.jpg","url":"/store"},
        {"img":"../../static/sy/1-19100gka90-l.jpg","url":"/classic"},
        {"img":"../../static/sy/1-200301003056138.jpg","url":"/about"}
    ],
    "loveImg":[
        {"img":"../../static/sy/1-1610312225413o.jpg"},
        {"img":"../../static/sy/1-1f324153950493.jpg"},
        {"img":"../../static/sy/1-1zz3095535424.jpg"}
    ],
    "mingXing":[
        {"img":"../../static/sy/1-1zz3095535424.jpg"},
        {"img":"../../static/sy/1-1zz3095u5946.jpg"},
        {"img":"../../static/sy/1-1zz3095912327.jpg"},
        {"img":"../../static/sy/1-1zz3095t1301.jpg"}
    ],
    "yangPian":[
        {"img":"../../static/sy/1-1z93016322hz.jpg"},
        {"img":"../../static/sy/1-1zz21h330546.jpg"},
        {"img":"../../static/sy/1-1zz2162h2218.jpg"},
        {"img":"../../static/sy/1-1zz2162600356.jpg"},
        {"img":"../../static/sy/1-1zz2162a2n7.jpg"},
        {"img":"../../static/sy/1-1zz2162619222.jpg"},
        {"img":"../../static/sy/1-1zz2162fa44.jpg"},
        {"img":"../../static/sy/1-1zz2162k3p1.jpg"}
    ],
    "keZhao":[
        {"img":"../../static/sy/1-1zz21a201w9.jpg"},
        {"img":"../../static/sy/1-1zz21a2243p.jpg"},
        {"img":"../../static/sy/1-1zz21a319145.jpg"},
        {"img":"../../static/sy/1-1zz21a33mc.jpg"},
        {"img":"../../static/sy/1-1zz21g510396.jpg"},
        {"img":"../../static/sy/1-1zz21g254z0.jpg"},
        {"img":"../../static/sy/1-1zz2162fa44.jpg"},
        {"img":"../../static/sy/1-1zz21g3363z.jpg"},
        {"img":"../../static/sy/1-1zz21g404c5.jpg"},
        {"img":"../../static/sy/1-1zz21g23gi.jpg"},
        {"img":"../../static/sy/1-1zz21g442429.jpg"},
        {"img":"../../static/sy/1-1zz21g45o35.jpg"}
    ],
    "daShiJian":[
        {"img":"../../static/sy/1-1zp1110z00-l.jpg"},
        {"img":"../../static/sy/1-1z2101242040-l.jpg"},
        {"img":"../../static/sy/1-1pf21q5090-l.jpg"},
        {"img":"../../static/sy/1-1f32415212w25.jpg"},
        {"img":"../../static/sy/1-1f324151h2505.jpg"},
        {"img":"../../static/sy/1-1f324151th27.jpg"},
        {"img":"../../static/sy/1-1f32415260m42.jpg"},
        {"img":"../../static/sy/1-1f324151an94.jpg"}
    ],
    "xinWen":[
        {"text":"仲夏的花仙子 I 关晓彤与她的爱丽丝花园"},
        {"text":"秦岚代言、100多家国际媒体同步报道韩国艺匠"},
        {"text":"整个结婚行业，为何唯独他能与明星走这么近？"},
        {"text":"分众传媒创始人江南春：在我印象中婚纱摄影"},
        {"text":"韩国艺匠出席Pronovias 2018 Fashion Show"},
        {"text":"吴昕引爆粉色浪漫2018韩国艺匠《梦》全球首发"}
    ],
    "tieShi":[
        {"text":"艺匠告诉你拍婚纱照带美瞳好不好"},
        {"text":"艺匠告诉你胖妹妹怎样拍照才好看"},
        {"text":"婚纱照为什么如此火爆"},
        {"text":"看完才知道婚纱照为何如此受欢迎！"},
        {"text":"拍摄婚纱照新郎怎么搭配礼服"},
        {"text":"选择拍摄室内婚纱照有什么技巧"}
    ],
    "xuZhi":[
        {"text":"艺匠告诉你选片的时候都要注意什么"},
        {"text":"拍摄婚纱照时新郎需要注意的地方"},
        {"text":"选择婚纱摄影工作室拍婚纱照需要准备什么"},
        {"text":"婚纱摄影之新娘必知的4点美妆常识"},
        {"text":"预定婚纱照一定要把诉求说清楚"},
        {"text":"你知道冬季拍婚纱照需要注意什么吗—Artiz婚纱"}
    ],
    "news":[
        {"img":"../../static/new1/1-1z930162025.jpg"},
        {"img":"../../static/new1/1-1z930162026.jpg"},
        {"img":"../../static/new1/1-1z930162026-50.jpg"},
        {"img":"../../static/new1/1-1z930162026-51.jpg"},
        {"img":"../../static/new1/1-1z930162026-52.jpg"},
        {"img":"../../static/new1/1-1z930162026-53.jpg"},
        {"img":"../../static/new1/1-1z930162027.jpg"},
        {"img":"../../static/new1/1-1z930162027-50.jpg"},
        {"img":"../../static/new1/1-1z930162027-51.jpg"},
        {"img":"../../static/new1/1-1z930162027-52.jpg"},
        {"img":"../../static/new1/1-1z930162028.jpg"},
        {"img":"../../static/new1/1-1z930162028-50.jpg"},
        {"img":"../../static/new1/1-1z930162028-51.jpg"},
        {"img":"../../static/new1/1-191025103414.jpg"}
    ],
    "classic":[
        {"cid":1,"img":"../../static/classic2/classic13/1-1z9301609150-l.jpg","title":"关晓彤《ALICE GARDEN》限定系列","page":{"imgs":[
            {"img":"../../static/new1/1-1z930162026-50.jpg"},
            {"img":"../../static/new1/1-1z930162026-51.jpg"},
            {"img":"../../static/new1/1-1z930162026-52.jpg"},
            {"img":"../../static/new1/1-1z930162026-53.jpg"},
            {"img":"../../static/new1/1-1z930162027.jpg"},
            {"img":"../../static/new1/1-1z930162027-50.jpg"},
            {"img":"../../static/new1/1-1z930162027-51.jpg"},
            {"img":"../../static/new1/1-1z930162027-52.jpg"},
            {"img":"../../static/new1/1-1z930162028.jpg"},
            {"img":"../../static/new1/1-1z930162028-50.jpg"},
            {"img":"../../static/new1/1-1z930162028-51.jpg"},
            {"img":"../../static/new1/1-191025103414.jpg"}
        ],"title1":"关晓彤《ALICE GARDEN》限定系列","price":"￥9980","title2":"360°全景式花园主题实景 每个女孩喜爱色彩花卉呈现","title3":"ARTIZ STUDIO 《爱丽丝花园》系列 源于明星创意师关晓彤最新演绎的电影灵感，她从自己最钟爱的颜色，花卉和电影情境出发，以创意性场景和戏剧故事元素创造了奇幻的爱丽丝花园仙境。提取浪漫，梦幻，优雅的场景特色融入新品。"}},
        {"cid":2,"img":"../../static/classic2/classic13/1-1zz2141u70-l.jpg","title":"关晓彤《ALICE GARDEN》限定系列","page":{"imgs":[             
            {"img":"../../static/new1/1-191206163237.jpg"},
            {"img":"../../static/new1/1-191206163238-52.jpg"},
            {"img":"../../static/new1/1-191206163240-51.jpg"},
            {"img":"../../static/new1/1-200316153926.jpg"},
            {"img":"../../static/new1/1-1z930162027-52.jpg"},
            {"img":"../../static/new1/1-1z930162028.jpg"},
            {"img":"../../static/new1/1-1p319155p3m6.jpg"},
            {"img":"../../static/new1/1-1z930162028-50.jpg"},
            {"img":"../../static/new1/1-1p3201442505a.jpg"},
            {"img":"../../static/new1/1-1z930162028-51.jpg"},
            {"img":"../../static/new1/1-1z930162026-50.jpg"},
            {"img":"../../static/new1/1-191025103414.jpg"}
        ],"title1":"关晓彤《ALICE GARDEN》限定系列","price":"￥9980","title2":"去年ARTIZ首个LUCE系列诞生，一推出便成为当年最受欢迎的场景之一；时至今日，ARTIZ再度向蕴含瑰丽色彩和灵魂之美的匠心之作致敬，推出全新<LUCE II>篇章。","title3":"最美丽的照片是人物照片，那张照片里装着两个人的爱情。如何把相爱的人一起度过的珍贵回忆和停留在那天的幸福感觉融入照片，这就是我们这次拍摄的主题。"}},
        {"cid":3,"img":"../../static/classic2/classic13/1-1zr114151tb.jpg","title":"全新《ALICE GARDEN》系列","page":{"imgs":[
            {"img":"../../static/new1/1-1z930162026-50.jpg"},
            {"img":"../../static/new1/1-1z930162026-51.jpg"},
            {"img":"../../static/new1/1-1z930162026-52.jpg"},
            {"img":"../../static/new1/1-1z930162026-53.jpg"},
            {"img":"../../static/new1/1-1z930162027.jpg"},
            {"img":"../../static/new1/1-1z930162027-50.jpg"},
            {"img":"../../static/new1/1-1z930162027-51.jpg"},
            {"img":"../../static/new1/1-1z930162027-52.jpg"},
            {"img":"../../static/new1/1-1z930162028.jpg"},
            {"img":"../../static/new1/1-1z930162028-50.jpg"},
            {"img":"../../static/new1/1-1z930162028-51.jpg"},
            {"img":"../../static/new1/1-191025103414.jpg"}
        ],"title1":"关晓彤《ALICE GARDEN》限定系列","price":"￥9980","title2":"360°全景式花园主题实景 每个女孩喜爱色彩花卉呈现","title3":"ARTIZ STUDIO 《爱丽丝花园》系列 源于明星创意师关晓彤最新演绎的电影灵感，她从自己最钟爱的颜色，花卉和电影情境出发，以创意性场景和戏剧故事元素创造了奇幻的爱丽丝花园仙境。提取浪漫，梦幻，优雅的场景特色融入新品。"}},
        {"cid":4,"img":"../../static/classic2/classic13/1-1z31409502b15.jpg","title":"秦岚《ARTIZ PARIS》 限定系列","page":{"imgs":[             
            {"img":"../../static/new1/1-191206163237.jpg"},
            {"img":"../../static/new1/1-191206163238-52.jpg"},
            {"img":"../../static/new1/1-191206163240-51.jpg"},
            {"img":"../../static/new1/1-200316153926.jpg"},
            {"img":"../../static/new1/1-1z930162027-52.jpg"},
            {"img":"../../static/new1/1-1z930162028.jpg"},
            {"img":"../../static/new1/1-1p319155p3m6.jpg"},
            {"img":"../../static/new1/1-1z930162028-50.jpg"},
            {"img":"../../static/new1/1-1p3201442505a.jpg"},
            {"img":"../../static/new1/1-1z930162028-51.jpg"},
            {"img":"../../static/new1/1-1z930162026-50.jpg"},
            {"img":"../../static/new1/1-191025103414.jpg"}
        ],"title1":"关晓彤《ALICE GARDEN》限定系列","price":"￥9980","title2":"去年ARTIZ首个LUCE系列诞生，一推出便成为当年最受欢迎的场景之一；时至今日，ARTIZ再度向蕴含瑰丽色彩和灵魂之美的匠心之作致敬，推出全新<LUCE II>篇章。","title3":"最美丽的照片是人物照片，那张照片里装着两个人的爱情。如何把相爱的人一起度过的珍贵回忆和停留在那天的幸福感觉融入照片，这就是我们这次拍摄的主题。"}},
        {"cid":5,"img":"../../static/classic2/classic13/1-1z3111p9512i.jpg","title":"秦岚《ARTIZ PARIS》 系列","page":{"imgs":[
            {"img":"../../static/new1/1-1z930162026-50.jpg"},
            {"img":"../../static/new1/1-1z930162026-51.jpg"},
            {"img":"../../static/new1/1-1z930162026-52.jpg"},
            {"img":"../../static/new1/1-1z930162026-53.jpg"},
            {"img":"../../static/new1/1-1z930162027.jpg"},
            {"img":"../../static/new1/1-1z930162027-50.jpg"},
            {"img":"../../static/new1/1-1z930162027-51.jpg"},
            {"img":"../../static/new1/1-1z930162027-52.jpg"},
            {"img":"../../static/new1/1-1z930162028.jpg"},
            {"img":"../../static/new1/1-1z930162028-50.jpg"},
            {"img":"../../static/new1/1-1z930162028-51.jpg"},
            {"img":"../../static/new1/1-191025103414.jpg"}
        ],"title1":"关晓彤《ALICE GARDEN》限定系列","price":"￥9980","title2":"360°全景式花园主题实景 每个女孩喜爱色彩花卉呈现","title3":"ARTIZ STUDIO 《爱丽丝花园》系列 源于明星创意师关晓彤最新演绎的电影灵感，她从自己最钟爱的颜色，花卉和电影情境出发，以创意性场景和戏剧故事元素创造了奇幻的爱丽丝花园仙境。提取浪漫，梦幻，优雅的场景特色融入新品。"}},
        {"cid":6,"img":"../../static/classic2/classic13/1-1z911134103450.jpg","title":"《梦幻德鲁纳》系列","page":{"imgs":[             
            {"img":"../../static/new1/1-191206163237.jpg"},
            {"img":"../../static/new1/1-191206163238-52.jpg"},
            {"img":"../../static/new1/1-191206163240-51.jpg"},
            {"img":"../../static/new1/1-200316153926.jpg"},
            {"img":"../../static/new1/1-1z930162027-52.jpg"},
            {"img":"../../static/new1/1-1z930162028.jpg"},
            {"img":"../../static/new1/1-1p319155p3m6.jpg"},
            {"img":"../../static/new1/1-1z930162028-50.jpg"},
            {"img":"../../static/new1/1-1p3201442505a.jpg"},
            {"img":"../../static/new1/1-1z930162028-51.jpg"},
            {"img":"../../static/new1/1-1z930162026-50.jpg"},
            {"img":"../../static/new1/1-191025103414.jpg"}
        ],"title1":"关晓彤《ALICE GARDEN》限定系列","price":"￥9980","title2":"去年ARTIZ首个LUCE系列诞生，一推出便成为当年最受欢迎的场景之一；时至今日，ARTIZ再度向蕴含瑰丽色彩和灵魂之美的匠心之作致敬，推出全新<LUCE II>篇章。","title3":"最美丽的照片是人物照片，那张照片里装着两个人的爱情。如何把相爱的人一起度过的珍贵回忆和停留在那天的幸福感觉融入照片，这就是我们这次拍摄的主题。"}},
        {"cid":7,"img":"../../static/classic2/classic13/1-1z4241f9395a.jpg","title":"全新《Floral Prom》系列","page":{"imgs":[
            {"img":"../../static/new1/1-1z930162026-50.jpg"},
            {"img":"../../static/new1/1-1z930162026-51.jpg"},
            {"img":"../../static/new1/1-1z930162026-52.jpg"},
            {"img":"../../static/new1/1-1z930162026-53.jpg"},
            {"img":"../../static/new1/1-1z930162027.jpg"},
            {"img":"../../static/new1/1-1z930162027-50.jpg"},
            {"img":"../../static/new1/1-1z930162027-51.jpg"},
            {"img":"../../static/new1/1-1z930162027-52.jpg"},
            {"img":"../../static/new1/1-1z930162028.jpg"},
            {"img":"../../static/new1/1-1z930162028-50.jpg"},
            {"img":"../../static/new1/1-1z930162028-51.jpg"},
            {"img":"../../static/new1/1-191025103414.jpg"}
        ],"title1":"关晓彤《ALICE GARDEN》限定系列","price":"￥9980","title2":"360°全景式花园主题实景 每个女孩喜爱色彩花卉呈现","title3":"ARTIZ STUDIO 《爱丽丝花园》系列 源于明星创意师关晓彤最新演绎的电影灵感，她从自己最钟爱的颜色，花卉和电影情境出发，以创意性场景和戏剧故事元素创造了奇幻的爱丽丝花园仙境。提取浪漫，梦幻，优雅的场景特色融入新品。"}},
        {"cid":8,"img":"../../static/classic2/classic13/1-1pr921254kr.jpg","title":"2019《LUCE2》系列","page":{"imgs":[             
            {"img":"../../static/new1/1-191206163237.jpg"},
            {"img":"../../static/new1/1-191206163238-52.jpg"},
            {"img":"../../static/new1/1-191206163240-51.jpg"},
            {"img":"../../static/new1/1-200316153926.jpg"},
            {"img":"../../static/new1/1-1z930162027-52.jpg"},
            {"img":"../../static/new1/1-1z930162028.jpg"},
            {"img":"../../static/new1/1-1p319155p3m6.jpg"},
            {"img":"../../static/new1/1-1z930162028-50.jpg"},
            {"img":"../../static/new1/1-1p3201442505a.jpg"},
            {"img":"../../static/new1/1-1z930162028-51.jpg"},
            {"img":"../../static/new1/1-1z930162026-50.jpg"},
            {"img":"../../static/new1/1-191025103414.jpg"}
        ],"title1":"关晓彤《ALICE GARDEN》限定系列","price":"￥9980","title2":"去年ARTIZ首个LUCE系列诞生，一推出便成为当年最受欢迎的场景之一；时至今日，ARTIZ再度向蕴含瑰丽色彩和灵魂之美的匠心之作致敬，推出全新<LUCE II>篇章。","title3":"最美丽的照片是人物照片，那张照片里装着两个人的爱情。如何把相爱的人一起度过的珍贵回忆和停留在那天的幸福感觉融入照片，这就是我们这次拍摄的主题。"}},
        {"cid":9,"img":"../../static/classic2/classic13/1-1p92h002050-l.jpg","title":"2019《明星的选择》系列","page":{"imgs":[
            {"img":"../../static/new1/1-1z930162026-50.jpg"},
            {"img":"../../static/new1/1-1z930162026-51.jpg"},
            {"img":"../../static/new1/1-1z930162026-52.jpg"},
            {"img":"../../static/new1/1-1z930162026-53.jpg"},
            {"img":"../../static/new1/1-1z930162027.jpg"},
            {"img":"../../static/new1/1-1z930162027-50.jpg"},
            {"img":"../../static/new1/1-1z930162027-51.jpg"},
            {"img":"../../static/new1/1-1z930162027-52.jpg"},
            {"img":"../../static/new1/1-1z930162028.jpg"},
            {"img":"../../static/new1/1-1z930162028-50.jpg"},
            {"img":"../../static/new1/1-1z930162028-51.jpg"},
            {"img":"../../static/new1/1-191025103414.jpg"}
        ],"title1":"关晓彤《ALICE GARDEN》限定系列","price":"￥9980","title2":"360°全景式花园主题实景 每个女孩喜爱色彩花卉呈现","title3":"ARTIZ STUDIO 《爱丽丝花园》系列 源于明星创意师关晓彤最新演绎的电影灵感，她从自己最钟爱的颜色，花卉和电影情境出发，以创意性场景和戏剧故事元素创造了奇幻的爱丽丝花园仙境。提取浪漫，梦幻，优雅的场景特色融入新品。"}},
        {"cid":10,"img":"../../static/classic2/classic13/1-1ps119132ij.jpg","title":"全新《CLASSIC》系列","page":{"imgs":[             
            {"img":"../../static/new1/1-191206163237.jpg"},
            {"img":"../../static/new1/1-191206163238-52.jpg"},
            {"img":"../../static/new1/1-191206163240-51.jpg"},
            {"img":"../../static/new1/1-200316153926.jpg"},
            {"img":"../../static/new1/1-1z930162027-52.jpg"},
            {"img":"../../static/new1/1-1z930162028.jpg"},
            {"img":"../../static/new1/1-1p319155p3m6.jpg"},
            {"img":"../../static/new1/1-1z930162028-50.jpg"},
            {"img":"../../static/new1/1-1p3201442505a.jpg"},
            {"img":"../../static/new1/1-1z930162028-51.jpg"},
            {"img":"../../static/new1/1-1z930162026-50.jpg"},
            {"img":"../../static/new1/1-191025103414.jpg"}
        ],"title1":"关晓彤《ALICE GARDEN》限定系列","price":"￥9980","title2":"去年ARTIZ首个LUCE系列诞生，一推出便成为当年最受欢迎的场景之一；时至今日，ARTIZ再度向蕴含瑰丽色彩和灵魂之美的匠心之作致敬，推出全新<LUCE II>篇章。","title3":"最美丽的照片是人物照片，那张照片里装着两个人的爱情。如何把相爱的人一起度过的珍贵回忆和停留在那天的幸福感觉融入照片，这就是我们这次拍摄的主题。"}},
        {"cid":11,"img":"../../static/classic2/classic13/1-1pg31iu0644.jpg","title":"2019《NATURE》系列","page":{"imgs":[
            {"img":"../../static/new1/1-1z930162026-50.jpg"},
            {"img":"../../static/new1/1-1z930162026-51.jpg"},
            {"img":"../../static/new1/1-1z930162026-52.jpg"},
            {"img":"../../static/new1/1-1z930162026-53.jpg"},
            {"img":"../../static/new1/1-1z930162027.jpg"},
            {"img":"../../static/new1/1-1z930162027-50.jpg"},
            {"img":"../../static/new1/1-1z930162027-51.jpg"},
            {"img":"../../static/new1/1-1z930162027-52.jpg"},
            {"img":"../../static/new1/1-1z930162028.jpg"},
            {"img":"../../static/new1/1-1z930162028-50.jpg"},
            {"img":"../../static/new1/1-1z930162028-51.jpg"},
            {"img":"../../static/new1/1-191025103414.jpg"}
        ],"title1":"关晓彤《ALICE GARDEN》限定系列","price":"￥9980","title2":"360°全景式花园主题实景 每个女孩喜爱色彩花卉呈现","title3":"ARTIZ STUDIO 《爱丽丝花园》系列 源于明星创意师关晓彤最新演绎的电影灵感，她从自己最钟爱的颜色，花卉和电影情境出发，以创意性场景和戏剧故事元素创造了奇幻的爱丽丝花园仙境。提取浪漫，梦幻，优雅的场景特色融入新品。"}},
        {"cid":12,"img":"../../static/classic2/classic13/1-1f304133fjt.jpg","title":"2019《COLOR》全新系列","page":{"imgs":[             
            {"img":"../../static/new1/1-191206163237.jpg"},
            {"img":"../../static/new1/1-191206163238-52.jpg"},
            {"img":"../../static/new1/1-191206163240-51.jpg"},
            {"img":"../../static/new1/1-200316153926.jpg"},
            {"img":"../../static/new1/1-1z930162027-52.jpg"},
            {"img":"../../static/new1/1-1z930162028.jpg"},
            {"img":"../../static/new1/1-1p319155p3m6.jpg"},
            {"img":"../../static/new1/1-1z930162028-50.jpg"},
            {"img":"../../static/new1/1-1p3201442505a.jpg"},
            {"img":"../../static/new1/1-1z930162028-51.jpg"},
            {"img":"../../static/new1/1-1z930162026-50.jpg"},
            {"img":"../../static/new1/1-191025103414.jpg"}
        ],"title1":"关晓彤《ALICE GARDEN》限定系列","price":"￥9980","title2":"去年ARTIZ首个LUCE系列诞生，一推出便成为当年最受欢迎的场景之一；时至今日，ARTIZ再度向蕴含瑰丽色彩和灵魂之美的匠心之作致敬，推出全新<LUCE II>篇章。","title3":"最美丽的照片是人物照片，那张照片里装着两个人的爱情。如何把相爱的人一起度过的珍贵回忆和停留在那天的幸福感觉融入照片，这就是我们这次拍摄的主题。"}},
        {"cid":13,"img":"../../static/classic2/classic13/1-1p5101j103c4.jpg","title":"全新《SKY》系列"},
        {"cid":14,"img":"../../static/classic2/classic13/1-1g0101105510-l.jpg","title":"2019全新《紫荆花》系列"},
        {"cid":15,"img":"../../static/classic2/classic13/1-1p214143150632.jpg","title":"吴昕《Princess》系列"},
        {"cid":16,"img":"../../static/classic2/classic13/1-1p2091619320-l.jpg","title":"明星创意师吴昕《梦》系列"},
        {"cid":17,"img":"../../static/classic2/classic13/1-1p506114402o6.jpg","title":"2018 NEW SERIES"},
        {"cid":18,"img":"../../static/classic2/classic13/1-1p20615300w49.jpg","title":"吴昕《SNOW》系列"},
        {"cid":19,"img":"../../static/classic2/classic13/1-1p103130433152.jpg","title":"2018《红丝绒》系列"},
        {"cid":20,"img":"../../static/classic2/classic13/1-1f502195400941.jpg","title":"LE PLEIN"},
        {"cid":21,"img":"../../static/classic2/classic13/1-1g0091tr60-l.jpg","title":"2017秋季全新"},
        {"cid":22,"img":"../../static/classic2/classic13/1-1p502161255l7.jpg","title":"2018全新MOON"},
        {"cid":23,"img":"../../static/classic2/classic13/1-1f606163946307.jpg","title":"2018全新 < Baby >系列"},
        {"cid":24,"img":"../../static/classic2/classic13/1-1f606163t2a5.jpg","title":"NEW < SERIES By LUCE >"},
        {"cid":25,"img":"../../static/classic2/classic13/1-1f606163r4509.jpg","title":"全新《樱花》系列"},
        {"cid":26,"img":"../../static/classic2/classic13/1-1f30h156033b.jpg","title":"SCENT"},
        {"cid":27,"img":"../../static/classic2/classic13/1-1f304134435i2.jpg","title":"新景鬼怪系列"},
        {"cid":28,"img":"../../static/classic2/classic13/1-1f304133fjt.jpg","title":"LUCE"},
        {"cid":29,"img":"../../static/classic2/classic13/1-1f304155i20-l.jpg","title":"EVER AFTER"},
        {"cid":30,"img":"../../static/classic2/classic13/1-1f11h11a1461.jpg","title":"人鱼公主"},
        {"cid":31,"img":"../../static/classic2/classic13/1-1612031426244x.png","title":"DESTINY"},
        {"cid":32,"img":"../../static/classic2/classic13/1-1f502194513j0.jpg","title":"Nature II"},
        {"cid":33,"img":"../../static/classic2/classic13/1-161115202k3e7.jpg","title":"50年"},
        {"cid":34,"img":"../../static/classic2/classic13/1-1p2091a5541i.jpg","title":"2018全新《星空》系列"},
        {"cid":35,"img":"../../static/classic2/classic13/1-1f502200529433.jpg","title":"新谜尚2015"},
        {"cid":36,"img":"../../static/classic2/classic13/1-1f502200z1950.jpg","title":"邂逅 2013"},
        {"cid":37,"img":"../../static/classic2/classic13/1-1z9301609150-l.jpg","title":"关晓彤《ALICE GARDEN》限定系列"},
        {"cid":38,"img":"../../static/classic2/classic13/1-1zz2141u70-l.jpg","title":"关晓彤《ALICE GARDEN》限定系列"},
        {"cid":39,"img":"../../static/classic2/classic13/1-1zr114151tb.jpg","title":"全新《ALICE GARDEN》系列"},
        {"cid":40,"img":"../../static/classic2/classic13/1-1z31409502b15.jpg","title":"秦岚《ARTIZ PARIS》 限定系列"},
        {"cid":41,"img":"../../static/classic2/classic13/1-1z3111p9512i.jpg","title":"秦岚《ARTIZ PARIS》 系列"},
        {"cid":42,"img":"../../static/classic2/classic13/1-1z911134103450.jpg","title":"《梦幻德鲁纳》系列"},
        {"cid":43,"img":"../../static/classic2/classic13/1-1z4241f9395a.jpg","title":"全新《Floral Prom》系列"},
        {"cid":44,"img":"../../static/classic2/classic13/1-1pr921254kr.jpg","title":"2019《LUCE2》系列"},
        {"cid":45,"img":"../../static/classic2/classic13/1-1p92h002050-l.jpg","title":"2019《明星的选择》系列"},
        {"cid":46,"img":"../../static/classic2/classic13/1-1ps119132ij.jpg","title":"全新《CLASSIC》系列"},
        {"cid":47,"img":"../../static/classic2/classic13/1-1pg31iu0644.jpg","title":"2019《NATURE》系列"},
        {"cid":48,"img":"../../static/classic2/classic13/1-1f304133fjt.jpg","title":"2019《COLOR》全新系列"},
        {"cid":49,"img":"../../static/classic2/classic13/1-1p5101j103c4.jpg","title":"全新《SKY》系列"},
        {"cid":50,"img":"../../static/classic2/classic13/1-1g0101105510-l.jpg","title":"2019全新《紫荆花》系列"},
        {"cid":51,"img":"../../static/classic2/classic13/1-1p214143150632.jpg","title":"吴昕《Princess》系列"},
        {"cid":52,"img":"../../static/classic2/classic13/1-1p2091619320-l.jpg","title":"明星创意师吴昕《梦》系列"},
        {"cid":53,"img":"../../static/classic2/classic13/1-1p506114402o6.jpg","title":"2018 NEW SERIES"},
        {"cid":54,"img":"../../static/classic2/classic13/1-1p20615300w49.jpg","title":"吴昕《SNOW》系列"},
        {"cid":55,"img":"../../static/classic2/classic13/1-1p103130433152.jpg","title":"2018《红丝绒》系列"},
        {"cid":56,"img":"../../static/classic2/classic13/1-1f502195400941.jpg","title":"LE PLEIN"},
        {"cid":57,"img":"../../static/classic2/classic13/1-1g0091tr60-l.jpg","title":"2017秋季全新"},
        {"cid":58,"img":"../../static/classic2/classic13/1-1p502161255l7.jpg","title":"2018全新MOON"},
        {"cid":59,"img":"../../static/classic2/classic13/1-1f606163946307.jpg","title":"2018全新 < Baby >系列"},
        {"cid":60,"img":"../../static/classic2/classic13/1-1f606163t2a5.jpg","title":"NEW < SERIES By LUCE >"},
        {"cid":61,"img":"../../static/classic2/classic13/1-1f606163r4509.jpg","title":"全新《樱花》系列"},
        {"cid":62,"img":"../../static/classic2/classic13/1-1f30h156033b.jpg","title":"SCENT"},
        {"cid":63,"img":"../../static/classic2/classic13/1-1f304134435i2.jpg","title":"新景鬼怪系列"},
        {"cid":64,"img":"../../static/classic2/classic13/1-1f304133fjt.jpg","title":"LUCE"},
        {"cid":65,"img":"../../static/classic2/classic13/1-1f304155i20-l.jpg","title":"EVER AFTER"},
        {"cid":66,"img":"../../static/classic2/classic13/1-1f11h11a1461.jpg","title":"人鱼公主"},
        {"cid":67,"img":"../../static/classic2/classic13/1-1612031426244x.png","title":"DESTINY"},
        {"cid":68,"img":"../../static/classic2/classic13/1-1f502194513j0.jpg","title":"Nature II"},
        {"cid":69,"img":"../../static/classic2/classic13/1-161115202k3e7.jpg","title":"50年"},
        {"cid":70,"img":"../../static/classic2/classic13/1-1p2091a5541i.jpg","title":"2018全新《星空》系列"},
        {"cid":71,"img":"../../static/classic2/classic13/1-1f502200529433.jpg","title":"新谜尚2015"},
        {"cid":72,"img":"../../static/classic2/classic13/1-1f502200z1950.jpg","title":"邂逅 2013"}  
    ],
    "conImgs":[
        {"img":"../../static/contact8/1-1z123094627.jpg"},
        {"img":"../../static/contact8/1-1z123094640.jpg"},
        {"img":"../../static/contact8/1-1z123094640-50.jpg"},
        {"img":"../../static/contact8/1-1z123094640-51.jpg"},
        {"img":"../../static/contact8/1-1z123094641.jpg"},
        {"img":"../../static/contact8/1-1z123094641-50.jpg"},
        {"img":"../../static/contact8/1-1z123094641-51.jpg"},
        {"img":"../../static/contact8/1-1z123094642.jpg"},
        {"img":"../../static/contact8/1-1z123094642-50.jpg"},
        {"img":"../../static/contact8/1-1z123094642-51.jpg"},
        {"img":"../../static/contact8/1-1z123094643.jpg"},
        {"img":"../../static/contact8/1-1z123094643-50.jpg"}
    ],
    "dressImgs":[
        {"img":"../../static/dress3/1-1z416140403.jpg"},
        {"img":"../../static/dress3/1-1z416140403-50.jpg"},
        {"img":"../../static/dress3/1-1z416140404.jpg"},
        {"img":"../../static/dress3/1-1z416140404-50.jpg"},
        {"img":"../../static/dress3/1-1z416140404-51.jpg"},
        {"img":"../../static/dress3/1-1z416140404-52.jpg"},
        {"img":"../../static/dress3/1-1z416140404-53.jpg"},
        {"img":"../../static/dress3/1-1z416140405.jpg"},
        {"img":"../../static/dress3/1-1z416140405-50.jpg"},
        {"img":"../../static/dress3/1-1z416140405-51.jpg"},
        {"img":"../../static/dress3/1-1z416140405-52.jpg"}
    ],
    "dressText":[
        {"text1":"ARTIZ","text2":"推荐理由","text3":"STYLE NOTES","text4":"以女王命名的格蕾丝·凯莉（Grace Kelly）婚纱是法国奢华婚纱礼服的代表。1992年被韩国公司收购。频频出现在各大时尚杂志的Grace Kelly婚纱设计界不可动摇的尊贵地位，Grace Kelly的设计风格复古奢华，王妃的尊贵是品牌的定位，穿着上Grace Kelly婚纱无一不让人屏息凝神，驻足观望。","text5":"Queen named Grace Kelly wedding dress is France's luxurious wedding dress representative. 1992 was acquired by the Korea Companies. Frequently appeared in major fashion magazine Grace Kelly wedding dress design circles unshakable noble status Grace Kelly design style retro luxury noble princess is the brand positioning wearing a Grace Kelly wedding a breathtaking stop and wait.","text6":"「手工」赋予婚纱的，是情感和时代的记忆，是不被时间追逐的，沉静的美。在每一件值得拥有一世的婚纱背后，都有着一群默默倾注着智慧与执着的匠人们 。在高级定制中，经常会采用非常细腻的手工钉珠工艺。所耗费的工时极长，是一般服装的10倍以上，她让原本单薄的服装在视觉上产生更加丰富的层次，凸显出如浮雕一般的立体感。更多新款Grace Kelly婚纱及礼服，请莅临艺匠门店。","text7":"Handmade to the wedding is the emotion and the memory of the times is not the time to chase quiet beauty. In every one deserves to have a lifetime of wedding dress behind there is a group of wisdom and perseverance of the carpenter.In the advanced customization often use a very delicate manual nail bead process. The time spent a very long time is more than 10 times the general clothing she let the original thin clothing in a more rich visual level highlighting the general sense of three-dimensional.More Grace Kelly wedding dress please visit ARTIZ STUDIO","img":"../../static/dress3/1-1611151u20l27.jpg"}
    ],
    "aboutImgs":[
        {"img":"../../static/about6/1-1z104104217.jpg"},
        {"img":"../../static/about6/1-1z104104218.jpg"},
        {"img":"../../static/about6/1-1z104104218-50.jpg"},
        {"img":"../../static/about6/1-1z104104222.jpg"},
        {"img":"../../static/about6/1-1z104104222-50.jpg"},
        {"img":"../../static/about6/1-1z104104223.jpg"},
        {"img":"../../static/about6/1-1z104104223-50.jpg"}
    ],
    "aboutText":[
        {"text1":"ARTIZ","text2":"推荐理由","text3":"STYLE NOTES","text4":"爱她就带她去拍韩国艺匠！     韩国艺匠Artiz Studio于2008成立于韩国釜山，目前已成为婚纱摄影行业知名品牌。Artiz Studio有一支韩国摄影行业专业人士组成的精英团队，致力于帮助新人实现他们梦想的婚纱摄影。","text5":"ARTIZ 婚纱摄影隶属于韩艺投资管理（上海）有限公司        韩艺投资管理（上海）有限公司致力于全球一站式婚庆产业链，除上海总店外，在深圳、无锡、南京、杭州、广州、宁波、温州、武汉、重庆、福州、厦门、成都、长沙、昆明、北京、天津、沈阳、郑州、合肥、苏州、大连以及韩国、马来西亚等地设有分店","img":"../../static/dress3/1-1611151u20l27.jpg"}
    ],
    "storeImgs":[
        {"img":"../../static/store7/1-1611151s052.jpg"},
        {"img":"../../static/store7/1-1611151s053.jpg"},
        {"img":"../../static/store7/1-1611151s053-50.jpg"},
        {"img":"../../static/store7/1-1611151s054.jpg"},
        {"img":"../../static/store7/1-1611151s054-50.jpg"},
        {"img":"../../static/store7/1-1611151s054-51.jpg"},
        {"img":"../../static/store7/1-1611151s054-52.jpg"},
        {"img":"../../static/store7/1-1611151s054-53.jpg"},      
        {"img":"../../static/store7/1-1611151s055.jpg"},
        {"img":"../../static/store7/1-1611151s055-50.jpg"},
        {"img":"../../static/store7/1-1611151s055-51.jpg"},
        {"img":"../../static/store7/1-1611151s055-52.jpg"},
        {"img":"../../static/store7/1-1611151s055-53.jpg"},
        {"img":"../../static/store7/1-1611151s056.jpg"},
        {"img":"../../static/store7/1-1611151s056-50.jpg"},
        {"img":"../../static/store7/1-1611151s056-51.jpg"},
        {"img":"../../static/store7/1-1p22gu015.jpg"},
        {"img":"../../static/store7/1-1p22gu015-50.jpg"},
        {"img":"../../static/store7/1-1p22gu015-51.jpg"},
        {"img":"../../static/store7/1-1p22gu015-52.jpg"}
    ],
    "storeText":[
        {"text1":"ARTIZ","text2":"推荐理由","text3":"STYLE NOTES","text4":"Artiz品牌门店历程        2008年  Artiz（釜山店）成立        2009年  Artiz（上海店）成立        2011年  Artiz（吉隆坡店）成立        2012-2014年   Artiz 北京、南京、武汉、成都、广州、深圳等地相继连锁开业        2015年  Artiz在国内已经拥有上海、北京、苏州、无锡、常州、南京、杭州、广州、宁波、天津、沈阳、郑州、等分店","text5":"In 2008 Aritz Studio （Busan) was established        In 2009  Aritz Studio (Shanghai) was established        In 2011  Aritz Studio (Kuala Lumpur) was       established 2012-2014 Aritz Studio Beijing Nanjing Wuhan    Chengdu Guangzhou Shenzhen and other        places have opened chain        In 2015  Aritz Studio in domestic has Shanghai        Beijing suzhou wuxi changzhou hangzhou        guangzhou ningbo tianjin shenyang nanning        zhengzhou stores","img":"../../static/dress3/1-1611151u20l27.jpg"}
    ],
    "filmImgs":[
        {"img":"../../static/film4/1-1zr6142145i9.jpg","video":"https://file.studioartiz.com/20190826001logo.mp4","titel":"Tree House"},
        {"img":"../../static/film4/1-1zr614211i18.jpg","video":"https://file.studioartiz.com/20190826Queen.mp4","titel":"Love + Vintage"},
        {"img":"../../static/film4/1-1zr614201m64.jpg","video":"https://file.studioartiz.com/20190826YIJIANGLOGO.mp4","titel":"Maison de Luxe"},
        {"img":"../../static/film4/1-1zr614193eb.jpg","video":"https://file.studioartiz.com/20190826ARTIZIV_AliceGarden.mp4","titel":"Alice Garden"}
    ],
    "caseImgs":[
        {"img":"../../static/case5/1-1z92g05q50-l.jpg","title":"苏州客人"},
        {"img":"../../static/case5/1-1z92g10z30-l.jpg","title":"苏州客人"},
        {"img":"../../static/case5/1-1z92g109250-l.jpg","title":"重庆客人"},
        {"img":"../../static/case5/1-1z92g142000-l.jpg","title":"重庆客人"},
        {"img":"../../static/case5/1-1z9241442100-l.jpg","title":"北京客人"},
        {"img":"../../static/case5/1-1z9241442390-l.jpg","title":"北京客人"},
        {"img":"../../static/case5/1-1z9241443000-l.jpg","title":"北京客人"},
        {"img":"../../static/case5/1-1z9241501550-l.jpg","title":"北京客人"},      
        {"img":"../../static/case5/1-1z9261440550-l.jpg","title":"青岛客人"},
        {"img":"../../static/case5/1-1z9291144570-l.jpg","title":"青岛客人"},
        {"img":"../../static/case5/1-1z9291145190-l.jpg","title":"西安客人"},
        {"img":"../../static/case5/1-19100q451230-l.jpg","title":"西安客人"},
        {"img":"../../static/case5/1-1910151409250-l.jpg","title":"苏州客人"},
        {"img":"../../static/case5/1-1910220941250-l.jpg","title":"苏州客人"},
        {"img":"../../static/case5/1-1910241502080-l.jpg","title":"重庆客人"},
        {"img":"../../static/case5/1-1911041621390-l.jpg","title":"重庆客人"},
        {"img":"../../static/case5/1-1911041625500-l.jpg","title":"青岛客人"},
        {"img":"../../static/case5/1-1911131411280-l.jpg","title":"青岛客人"},
        {"img":"../../static/case5/1-1911131413250-l.jpg","title":"西安客人"},
        {"img":"../../static/case5/1-1911131413520-l.jpg","title":"西安客人"},
        {"img":"../../static/case5/1-1911131414240-l.jpg","title":"北京客人"},
        {"img":"../../static/case5/1-1911131414500-l.jpg","title":"北京客人"},
        {"img":"../../static/case5/1-191004151629320.jpg","title":"北京客人"},
        {"img":"../../static/case5/1-191112152205408.jpg","title":"北京客人"},
        {"img":"../../static/case5/1-1z9241501550-l.jpg","title":"北京客人"},      
        {"img":"../../static/case5/1-1z9261440550-l.jpg","title":"青岛客人"},
        {"img":"../../static/case5/1-1z9291144570-l.jpg","title":"青岛客人"},
        {"img":"../../static/case5/1-1z9291145190-l.jpg","title":"西安客人"},
        {"img":"../../static/case5/1-19100q451230-l.jpg","title":"西安客人"},
        {"img":"../../static/case5/1-1910151409250-l.jpg","title":"苏州客人"},
        {"img":"../../static/case5/1-1910220941250-l.jpg","title":"苏州客人"},
        {"img":"../../static/case5/1-1910241502080-l.jpg","title":"重庆客人"},
        {"img":"../../static/case5/1-1911041621390-l.jpg","title":"重庆客人"},
        {"img":"../../static/case5/1-1911041625500-l.jpg","title":"青岛客人"},
        {"img":"../../static/case5/1-1911131411280-l.jpg","title":"青岛客人"},
        {"img":"../../static/case5/1-1911131413250-l.jpg","title":"西安客人"},
        {"img":"../../static/case5/1-1911131413520-l.jpg","title":"西安客人"},
        {"img":"../../static/case5/1-1911131414240-l.jpg","title":"北京客人"},
        {"img":"../../static/case5/1-19100q451230-l.jpg","title":"西安客人"},
        {"img":"../../static/case5/1-1910151409250-l.jpg","title":"苏州客人"},
        {"img":"../../static/case5/1-1910220941250-l.jpg","title":"苏州客人"},
        {"img":"../../static/case5/1-1910241502080-l.jpg","title":"重庆客人"},
        {"img":"../../static/case5/1-1911041621390-l.jpg","title":"重庆客人"},
        {"img":"../../static/case5/1-1911041625500-l.jpg","title":"青岛客人"},
        {"img":"../../static/case5/1-1911131411280-l.jpg","title":"青岛客人"},
        {"img":"../../static/case5/1-1911131413250-l.jpg","title":"西安客人"},
        {"img":"../../static/case5/1-1911131413520-l.jpg","title":"西安客人"},
        {"img":"../../static/case5/1-1911131414240-l.jpg","title":"北京客人"},
        {"img":"../../static/case5/1-1911131414500-l.jpg","title":"北京客人"},
        {"img":"../../static/case5/1-191004151629320.jpg","title":"北京客人"},
        {"img":"../../static/case5/1-191112152205408.jpg","title":"北京客人"},
        {"img":"../../static/case5/1-1z9241501550-l.jpg","title":"北京客人"},      
        {"img":"../../static/case5/1-1z9261440550-l.jpg","title":"青岛客人"},
        {"img":"../../static/case5/1-1z9291144570-l.jpg","title":"青岛客人"},
        {"img":"../../static/case5/1-1z9291145190-l.jpg","title":"西安客人"},
        {"img":"../../static/case5/1-19100q451230-l.jpg","title":"西安客人"},
        {"img":"../../static/case5/1-1910151409250-l.jpg","title":"苏州客人"},
        {"img":"../../static/case5/1-1910220941250-l.jpg","title":"苏州客人"},
        {"img":"../../static/case5/1-1910241502080-l.jpg","title":"重庆客人"},
        {"img":"../../static/case5/1-1911041621390-l.jpg","title":"重庆客人"},
        {"img":"../../static/case5/1-1911041621390-l.jpg","title":"重庆客人"},
        {"img":"../../static/case5/1-1911041625500-l.jpg","title":"青岛客人"},
        {"img":"../../static/case5/1-1911131411280-l.jpg","title":"青岛客人"},
        {"img":"../../static/case5/1-1911131413250-l.jpg","title":"西安客人"},
        {"img":"../../static/case5/1-1911131413520-l.jpg","title":"西安客人"},
        {"img":"../../static/case5/1-1911131414240-l.jpg","title":"北京客人"},
        {"img":"../../static/case5/1-1911131414500-l.jpg","title":"北京客人"},
        {"img":"../../static/case5/1-191004151629320.jpg","title":"北京客人"},
        {"img":"../../static/case5/1-191112152205408.jpg","title":"北京客人"},
        {"img":"../../static/case5/1-1z9241501550-l.jpg","title":"北京客人"},      
        {"img":"../../static/case5/1-1z9261440550-l.jpg","title":"青岛客人"},
        {"img":"../../static/case5/1-1z9291144570-l.jpg","title":"青岛客人"},
        {"img":"../../static/case5/1-1z9291145190-l.jpg","title":"西安客人"},
        {"img":"../../static/case5/1-19100q451230-l.jpg","title":"西安客人"},
        {"img":"../../static/case5/1-1910151409250-l.jpg","title":"苏州客人"},
        {"img":"../../static/case5/1-1910220941250-l.jpg","title":"苏州客人"}
    ],
    "priceImgs":[
        {"img":"../../static/price/1-1z9301jjwp.jpg","title":"关晓彤《ALICE GARDEN》限定系列","price":"￥9980","num":"50张","take":"首席","suit":"5套","page":{"bigimgs":[
            {"lgimg":"../../static/price/1-2003021t535o4.jpg"},
            {"lgimg":"../../static/price/1-200309201i6238.jpg"},
            {"lgimg":"../../static/price/1-200309201jr27.jpg"},
            {"lgimg":"../../static/price/1-200309201p0635.jpg"},
            {"lgimg":"../../static/price/1-200309201qk13.jpg"}],"smimgs":[
            {"smimg":"../../static/price/1-2003021t535o4.jpg"},
            {"smimg":"../../static/price/1-200309201i6238.jpg"},
            {"smimg":"../../static/price/1-200309201jr27.jpg"},
            {"smimg":"../../static/price/1-200309201p0635.jpg"},
            {"smimg":"../../static/price/1-200309201qk13.jpg"}
            ],"title1":"全新《ARTIZ HOME》系列","price":"￥9980","ckprice":"￥12980","title2":"LA MEA妆底，打造完美妆容,GRACE KELLY礼服，你就是大牌,客照100%等于样照"
        }},
        {"img":"../../static/price/1-1zz215011c38.jpg","title":"关晓彤《ALICE GARDEN》限定系列","price":"￥9980","num":"50张","take":"首席","suit":"5套","page":{"bigimgs":[
            {"lgimg":"../../static/price/1-2003092036095h.jpg"},
            {"lgimg":"../../static/price/1-200314221350260.jpg"},
            {"lgimg":"../../static/price/1-200315115459309.jpg"},
            {"lgimg":"../../static/price/1-200309201p0635.jpg"},
            {"lgimg":"../../static/price/1-200309201qk13.jpg"}],"smimgs":[
            {"smimg":"../../static/price/1-2003092036095h.jpg"},
            {"smimg":"../../static/price/1-200314221350260.jpg"},
            {"smimg":"../../static/price/1-200315115459309.jpg"},
            {"smimg":"../../static/price/1-200309201p0635.jpg"},
            {"smimg":"../../static/price/1-200309201qk13.jpg"}
            ],"title1":"关晓彤《ALICE GARDEN》限定系列","price":"￥12980","ckprice":"￥14980","title2":"LA MEA妆底，打造完美妆容,GRACE KELLY礼服，你就是大牌,客照100%等于样照"
        }},
        {"img":"../../static/price/1-1z4241ijss.jpg","title":"全新《Floral Prom》系列","price":"￥9980","num":"50张","take":"首席","suit":"5套","page":{"bigimgs":[
            {"lgimg":"../../static/price/1-2003021t535o4.jpg"},
            {"lgimg":"../../static/price/1-200309201i6238.jpg"},
            {"lgimg":"../../static/price/1-200309201jr27.jpg"},
            {"lgimg":"../../static/price/1-200309201p0635.jpg"},
            {"lgimg":"../../static/price/1-200309201qk13.jpg"}],"smimgs":[
            {"smimg":"../../static/price/1-2003021t535o4.jpg"},
            {"smimg":"../../static/price/1-200309201i6238.jpg"},
            {"smimg":"../../static/price/1-200309201jr27.jpg"},
            {"smimg":"../../static/price/1-200309201p0635.jpg"},
            {"smimg":"../../static/price/1-200309201qk13.jpg"}
            ],"title1":"全新《Floral Prom》系列","price":"￥12980","ckprice":"￥14980","title2":"LA MEA妆底，打造完美妆容,GRACE KELLY礼服，你就是大牌,客照100%等于样照"
        }},
        {"img":"../../static/price/1-1q0262011125x.jpg","title":"2019全新《LUCEII》系列","price":"￥9980","num":"50张","take":"首席","suit":"5套","page":{"bigimgs":[
            {"lgimg":"../../static/price/1-2003021t535o4.jpg"},
            {"lgimg":"../../static/price/1-200309201i6238.jpg"},
            {"lgimg":"../../static/price/1-200309201jr27.jpg"},
            {"lgimg":"../../static/price/1-200309201p0635.jpg"},
            {"lgimg":"../../static/price/1-200309201qk13.jpg"}],"smimgs":[
            {"smimg":"../../static/price/1-2003021t535o4.jpg"},
            {"smimg":"../../static/price/1-200309201i6238.jpg"},
            {"smimg":"../../static/price/1-200309201jr27.jpg"},
            {"smimg":"../../static/price/1-200309201p0635.jpg"},
            {"smimg":"../../static/price/1-200309201qk13.jpg"}
            ],"title1":"2019全新《LUCEII》系列","price":"￥12980","ckprice":"￥14980","title2":"LA MEA妆底，打造完美妆容,GRACE KELLY礼服，你就是大牌,客照100%等于样照"
        }},
        {"img":"../../static/price/1-1q02620230q51.jpg","title":"2019全新《明星的选择》","price":"￥9980","num":"50张","take":"首席","suit":"5套","page":{"bigimgs":[
            {"lgimg":"../../static/price/1-2003021t535o4.jpg"},
            {"lgimg":"../../static/price/1-200309201i6238.jpg"},
            {"lgimg":"../../static/price/1-200309201jr27.jpg"},
            {"lgimg":"../../static/price/1-200309201p0635.jpg"},
            {"lgimg":"../../static/price/1-200309201qk13.jpg"}],"smimgs":[
            {"smimg":"../../static/price/1-2003021t535o4.jpg"},
            {"smimg":"../../static/price/1-200309201i6238.jpg"},
            {"smimg":"../../static/price/1-200309201jr27.jpg"},
            {"smimg":"../../static/price/1-200309201p0635.jpg"},
            {"smimg":"../../static/price/1-200309201qk13.jpg"}
            ],"title1":"2019全新《明星的选择》","price":"￥12980","ckprice":"￥14980","title2":"LA MEA妆底，打造完美妆容,GRACE KELLY礼服，你就是大牌,客照100%等于样照"
        }},
        {"img":"../../static/price/1-1q02q11613943.png","title":"ARTIZ Ⅱ全新《DONGGAM》系列","price":"￥9980","num":"50张","take":"首席","suit":"5套","page":{"bigimgs":[
            {"lgimg":"../../static/price/1-2003021t535o4.jpg"},
            {"lgimg":"../../static/price/1-200309201i6238.jpg"},
            {"lgimg":"../../static/price/1-200309201jr27.jpg"},
            {"lgimg":"../../static/price/1-200309201p0635.jpg"},
            {"lgimg":"../../static/price/1-200309201qk13.jpg"}],"smimgs":[
            {"smimg":"../../static/price/1-2003021t535o4.jpg"},
            {"smimg":"../../static/price/1-200309201i6238.jpg"},
            {"smimg":"../../static/price/1-200309201jr27.jpg"},
            {"smimg":"../../static/price/1-200309201p0635.jpg"},
            {"smimg":"../../static/price/1-200309201qk13.jpg"}
            ],"title1":"ARTIZ Ⅱ全新《DONGGAM》系列","price":"￥12980","ckprice":"￥14980","title2":"LA MEA妆底，打造完美妆容,GRACE KELLY礼服，你就是大牌,客照100%等于样照"
        }},
        {"img":"../../static/price/1-1q02q51g70-l.png","title":"ARTIZ Ⅲ-全新《星空》系列","price":"￥9980","num":"50张","take":"首席","suit":"5套","page":{"bigimgs":[
            {"lgimg":"../../static/price/1-2003021t535o4.jpg"},
            {"lgimg":"../../static/price/1-200309201i6238.jpg"},
            {"lgimg":"../../static/price/1-200309201jr27.jpg"},
            {"lgimg":"../../static/price/1-200309201p0635.jpg"},
            {"lgimg":"../../static/price/1-200309201qk13.jpg"}],"smimgs":[
            {"smimg":"../../static/price/1-2003021t535o4.jpg"},
            {"smimg":"../../static/price/1-200309201i6238.jpg"},
            {"smimg":"../../static/price/1-200309201jr27.jpg"},
            {"smimg":"../../static/price/1-200309201p0635.jpg"},
            {"smimg":"../../static/price/1-200309201qk13.jpg"}
            ],"title1":"关晓彤《ALICE GARDEN》限定系列","price":"￥12980","ckprice":"￥14980","title2":"LA MEA妆底，打造完美妆容,GRACE KELLY礼服，你就是大牌,客照100%等于样照"
        }},
        {"img":"../../static/price/1-1q02q534260-l.png","title":"MOONSWING网红月亮秋千","price":"￥9980","num":"50张","take":"首席","suit":"5套","page":{"bigimgs":[
            {"lgimg":"../../static/price/1-2003021t535o4.jpg"},
            {"lgimg":"../../static/price/1-200309201i6238.jpg"},
            {"lgimg":"../../static/price/1-200309201jr27.jpg"},
            {"lgimg":"../../static/price/1-200309201p0635.jpg"},
            {"lgimg":"../../static/price/1-200309201qk13.jpg"}],"smimgs":[
            {"smimg":"../../static/price/1-2003021t535o4.jpg"},
            {"smimg":"../../static/price/1-200309201i6238.jpg"},
            {"smimg":"../../static/price/1-200309201jr27.jpg"},
            {"smimg":"../../static/price/1-200309201p0635.jpg"},
            {"smimg":"../../static/price/1-200309201qk13.jpg"}
            ],"title1":"关晓彤《ALICE GARDEN》限定系列","price":"￥12980","ckprice":"￥14980","title2":"LA MEA妆底，打造完美妆容,GRACE KELLY礼服，你就是大牌,客照100%等于样照"
        }},
        {"img":"../../static/price/1-1q02q540450-l.png","title":"2019全新《CLASSIC》系列发布","price":"￥9980","num":"50张","take":"首席","suit":"5套","page":{"bigimgs":[
            {"lgimg":"../../static/price/1-2003021t535o4.jpg"},
            {"lgimg":"../../static/price/1-200309201i6238.jpg"},
            {"lgimg":"../../static/price/1-200309201jr27.jpg"},
            {"lgimg":"../../static/price/1-200309201p0635.jpg"},
            {"lgimg":"../../static/price/1-200309201qk13.jpg"}],"smimgs":[
            {"smimg":"../../static/price/1-2003021t535o4.jpg"},
            {"smimg":"../../static/price/1-200309201i6238.jpg"},
            {"smimg":"../../static/price/1-200309201jr27.jpg"},
            {"smimg":"../../static/price/1-200309201p0635.jpg"},
            {"smimg":"../../static/price/1-200309201qk13.jpg"}
            ],"title1":"关晓彤《ALICE GARDEN》限定系列","price":"￥12980","ckprice":"￥14980","title2":"LA MEA妆底，打造完美妆容,GRACE KELLY礼服，你就是大牌,客照100%等于样照"
        }},      
        {"img":"../../static/price/1-1q02qgg30-l.png","title":"2018全新《珀美》系列","price":"￥9980","num":"50张","take":"首席","suit":"5套","page":{"bigimgs":[
            {"lgimg":"../../static/price/1-2003021t535o4.jpg"},
            {"lgimg":"../../static/price/1-200309201i6238.jpg"},
            {"lgimg":"../../static/price/1-200309201jr27.jpg"},
            {"lgimg":"../../static/price/1-200309201p0635.jpg"},
            {"lgimg":"../../static/price/1-200309201qk13.jpg"}],"smimgs":[
            {"smimg":"../../static/price/1-2003021t535o4.jpg"},
            {"smimg":"../../static/price/1-200309201i6238.jpg"},
            {"smimg":"../../static/price/1-200309201jr27.jpg"},
            {"smimg":"../../static/price/1-200309201p0635.jpg"},
            {"smimg":"../../static/price/1-200309201qk13.jpg"}
            ],"title1":"关晓彤《ALICE GARDEN》限定系列","price":"￥12980","ckprice":"￥14980","title2":"LA MEA妆底，打造完美妆容,GRACE KELLY礼服，你就是大牌,客照100%等于样照"
        }},
        {"img":"../../static/price/1-1q029105j80-l.png","title":"2018全新《紫荆花》系列","price":"￥9980","num":"50张","take":"首席","suit":"5套","page":{"bigimgs":[
            {"lgimg":"../../static/price/1-2003021t535o4.jpg"},
            {"lgimg":"../../static/price/1-200309201i6238.jpg"},
            {"lgimg":"../../static/price/1-200309201jr27.jpg"},
            {"lgimg":"../../static/price/1-200309201p0635.jpg"},
            {"lgimg":"../../static/price/1-200309201qk13.jpg"}],"smimgs":[
            {"smimg":"../../static/price/1-2003021t535o4.jpg"},
            {"smimg":"../../static/price/1-200309201i6238.jpg"},
            {"smimg":"../../static/price/1-200309201jr27.jpg"},
            {"smimg":"../../static/price/1-200309201p0635.jpg"},
            {"smimg":"../../static/price/1-200309201qk13.jpg"}
            ],"title1":"关晓彤《ALICE GARDEN》限定系列","price":"￥12980","ckprice":"￥14980","title2":"LA MEA妆底，打造完美妆容,GRACE KELLY礼服，你就是大牌,客照100%等于样照"
        }},
        {"img":"../../static/price/1-1q0291112480-l.png","title":"2019全新《NATURE III》系列","price":"￥11980","num":"65张","take":"总监","suit":"5套","page":{"bigimgs":[
            {"lgimg":"../../static/price/1-2003021t535o4.jpg"},
            {"lgimg":"../../static/price/1-200309201i6238.jpg"},
            {"lgimg":"../../static/price/1-200309201jr27.jpg"},
            {"lgimg":"../../static/price/1-200309201p0635.jpg"},
            {"lgimg":"../../static/price/1-200309201qk13.jpg"}],"smimgs":[
            {"smimg":"../../static/price/1-2003021t535o4.jpg"},
            {"smimg":"../../static/price/1-200309201i6238.jpg"},
            {"smimg":"../../static/price/1-200309201jr27.jpg"},
            {"smimg":"../../static/price/1-200309201p0635.jpg"},
            {"smimg":"../../static/price/1-200309201qk13.jpg"}
            ],"title1":"关晓彤《ALICE GARDEN》限定系列","price":"￥12980","ckprice":"￥14980","title2":"LA MEA妆底，打造完美妆容,GRACE KELLY礼服，你就是大牌,客照100%等于样照"
        }},
        {"img":"../../static/price/1-1q0291153130-l.png","title":"2019全新《COLOR》系列","price":"￥11980","num":"65张","take":"总监","suit":"5套","page":{"bigimgs":[
            {"lgimg":"../../static/price/1-2003021t535o4.jpg"},
            {"lgimg":"../../static/price/1-200309201i6238.jpg"},
            {"lgimg":"../../static/price/1-200309201jr27.jpg"},
            {"lgimg":"../../static/price/1-200309201p0635.jpg"},
            {"lgimg":"../../static/price/1-200309201qk13.jpg"}],"smimgs":[
            {"smimg":"../../static/price/1-2003021t535o4.jpg"},
            {"smimg":"../../static/price/1-200309201i6238.jpg"},
            {"smimg":"../../static/price/1-200309201jr27.jpg"},
            {"smimg":"../../static/price/1-200309201p0635.jpg"},
            {"smimg":"../../static/price/1-200309201qk13.jpg"}
            ],"title1":"关晓彤《ALICE GARDEN》限定系列","price":"￥12980","ckprice":"￥14980","title2":"LA MEA妆底，打造完美妆容,GRACE KELLY礼服，你就是大牌,客照100%等于样照"
        }},
        {"img":"../../static/price/1-1q0291201240-l.png","title":"2018全新《MOON II》系列","price":"￥11980","num":"65张","take":"总监","suit":"5套","page":{"bigimgs":[
            {"lgimg":"../../static/price/1-2003021t535o4.jpg"},
            {"lgimg":"../../static/price/1-200309201i6238.jpg"},
            {"lgimg":"../../static/price/1-200309201jr27.jpg"},
            {"lgimg":"../../static/price/1-200309201p0635.jpg"},
            {"lgimg":"../../static/price/1-200309201qk13.jpg"}],"smimgs":[
            {"smimg":"../../static/price/1-2003021t535o4.jpg"},
            {"smimg":"../../static/price/1-200309201i6238.jpg"},
            {"smimg":"../../static/price/1-200309201jr27.jpg"},
            {"smimg":"../../static/price/1-200309201p0635.jpg"},
            {"smimg":"../../static/price/1-200309201qk13.jpg"}
            ],"title1":"关晓彤《ALICE GARDEN》限定系列","price":"￥12980","ckprice":"￥14980","title2":"LA MEA妆底，打造完美妆容,GRACE KELLY礼服，你就是大牌,客照100%等于样照"
        }},
        {"img":"../../static/price/1-1q0291450360-l.png","title":"2018全新《EVER AFTER》系列","price":"￥11980","num":"65张","take":"总监","suit":"5套","page":{"bigimgs":[
            {"lgimg":"../../static/price/1-2003021t535o4.jpg"},
            {"lgimg":"../../static/price/1-200309201i6238.jpg"},
            {"lgimg":"../../static/price/1-200309201jr27.jpg"},
            {"lgimg":"../../static/price/1-200309201p0635.jpg"},
            {"lgimg":"../../static/price/1-200309201qk13.jpg"}],"smimgs":[
            {"smimg":"../../static/price/1-2003021t535o4.jpg"},
            {"smimg":"../../static/price/1-200309201i6238.jpg"},
            {"smimg":"../../static/price/1-200309201jr27.jpg"},
            {"smimg":"../../static/price/1-200309201p0635.jpg"},
            {"smimg":"../../static/price/1-200309201qk13.jpg"}
            ],"title1":"关晓彤《ALICE GARDEN》限定系列","price":"￥12980","ckprice":"￥14980","title2":"LA MEA妆底，打造完美妆容,GRACE KELLY礼服，你就是大牌,客照100%等于样照"
        }},
        {"img":"../../static/price/1-1q0291459550-l.png","title":"2018全新《luvin》系列","price":"￥11980","num":"65张","take":"总监","suit":"5套","page":{"bigimgs":[
            {"lgimg":"../../static/price/1-2003021t535o4.jpg"},
            {"lgimg":"../../static/price/1-200309201i6238.jpg"},
            {"lgimg":"../../static/price/1-200309201jr27.jpg"},
            {"lgimg":"../../static/price/1-200309201p0635.jpg"},
            {"lgimg":"../../static/price/1-200309201qk13.jpg"}],"smimgs":[
            {"smimg":"../../static/price/1-2003021t535o4.jpg"},
            {"smimg":"../../static/price/1-200309201i6238.jpg"},
            {"smimg":"../../static/price/1-200309201jr27.jpg"},
            {"smimg":"../../static/price/1-200309201p0635.jpg"},
            {"smimg":"../../static/price/1-200309201qk13.jpg"}
            ],"title1":"关晓彤《ALICE GARDEN》限定系列","price":"￥12980","ckprice":"￥14980","title2":"LA MEA妆底，打造完美妆容,GRACE KELLY礼服，你就是大牌,客照100%等于样照"
        }},
        {"img":"../../static/price/1-1q0301035200-l.png","title":"2018全新《红丝绒》系列","price":"￥11980","num":"65张","take":"总监","suit":"5套","page":{"bigimgs":[
            {"lgimg":"../../static/price/1-2003021t535o4.jpg"},
            {"lgimg":"../../static/price/1-200309201i6238.jpg"},
            {"lgimg":"../../static/price/1-200309201jr27.jpg"},
            {"lgimg":"../../static/price/1-200309201p0635.jpg"},
            {"lgimg":"../../static/price/1-200309201qk13.jpg"}],"smimgs":[
            {"smimg":"../../static/price/1-2003021t535o4.jpg"},
            {"smimg":"../../static/price/1-200309201i6238.jpg"},
            {"smimg":"../../static/price/1-200309201jr27.jpg"},
            {"smimg":"../../static/price/1-200309201p0635.jpg"},
            {"smimg":"../../static/price/1-200309201qk13.jpg"}
            ],"title1":"关晓彤《ALICE GARDEN》限定系列","price":"￥12980","ckprice":"￥14980","title2":"LA MEA妆底，打造完美妆容,GRACE KELLY礼服，你就是大牌,客照100%等于样照"
        }},
        {"img":"../../static/price/1-1q0301040350-l.png","title":"2018全新《NATURE II》系列","price":"￥16980","num":"75张","take":"研发","suit":"5套","page":{"bigimgs":[
            {"lgimg":"../../static/price/1-2003021t535o4.jpg"},
            {"lgimg":"../../static/price/1-200309201i6238.jpg"},
            {"lgimg":"../../static/price/1-200309201jr27.jpg"},
            {"lgimg":"../../static/price/1-200309201p0635.jpg"},
            {"lgimg":"../../static/price/1-200309201qk13.jpg"}],"smimgs":[
            {"smimg":"../../static/price/1-2003021t535o4.jpg"},
            {"smimg":"../../static/price/1-200309201i6238.jpg"},
            {"smimg":"../../static/price/1-200309201jr27.jpg"},
            {"smimg":"../../static/price/1-200309201p0635.jpg"},
            {"smimg":"../../static/price/1-200309201qk13.jpg"}
            ],"title1":"关晓彤《ALICE GARDEN》限定系列","price":"￥12980","ckprice":"￥14980","title2":"LA MEA妆底，打造完美妆容,GRACE KELLY礼服，你就是大牌,客照100%等于样照"
        }},
        {"img":"../../static/price/1-1q0301045480-l.png","title":"2018全新《VERA》系列","price":"￥16980","num":"75张","take":"研发","suit":"5套","page":{"bigimgs":[
            {"lgimg":"../../static/price/1-2003021t535o4.jpg"},
            {"lgimg":"../../static/price/1-200309201i6238.jpg"},
            {"lgimg":"../../static/price/1-200309201jr27.jpg"},
            {"lgimg":"../../static/price/1-200309201p0635.jpg"},
            {"lgimg":"../../static/price/1-200309201qk13.jpg"}],"smimgs":[
            {"smimg":"../../static/price/1-2003021t535o4.jpg"},
            {"smimg":"../../static/price/1-200309201i6238.jpg"},
            {"smimg":"../../static/price/1-200309201jr27.jpg"},
            {"smimg":"../../static/price/1-200309201p0635.jpg"},
            {"smimg":"../../static/price/1-200309201qk13.jpg"}
            ],"title1":"关晓彤《ALICE GARDEN》限定系列","price":"￥12980","ckprice":"￥14980","title2":"LA MEA妆底，打造完美妆容,GRACE KELLY礼服，你就是大牌,客照100%等于样照"
        }},
        {"img":"../../static/price/1-1q0301052170-l.png","title":"2018新景发布《鬼怪》系列","price":"￥16980","num":"75张","take":"研发","suit":"5套","page":{"bigimgs":[
            {"lgimg":"../../static/price/1-2003021t535o4.jpg"},
            {"lgimg":"../../static/price/1-200309201i6238.jpg"},
            {"lgimg":"../../static/price/1-200309201jr27.jpg"},
            {"lgimg":"../../static/price/1-200309201p0635.jpg"},
            {"lgimg":"../../static/price/1-200309201qk13.jpg"}],"smimgs":[
            {"smimg":"../../static/price/1-2003021t535o4.jpg"},
            {"smimg":"../../static/price/1-200309201i6238.jpg"},
            {"smimg":"../../static/price/1-200309201jr27.jpg"},
            {"smimg":"../../static/price/1-200309201p0635.jpg"},
            {"smimg":"../../static/price/1-200309201qk13.jpg"}
            ],"title1":"关晓彤《ALICE GARDEN》限定系列","price":"￥12980","ckprice":"￥14980","title2":"LA MEA妆底，打造完美妆容,GRACE KELLY礼服，你就是大牌,客照100%等于样照"
        }},
        {"img":"../../static/price/1-1q0301100110-l.png","title":"2018全新《DESTINY》系列","price":"￥25980","num":"105张","take":"研发","suit":"5套","page":{"bigimgs":[
            {"lgimg":"../../static/price/1-2003021t535o4.jpg"},
            {"lgimg":"../../static/price/1-200309201i6238.jpg"},
            {"lgimg":"../../static/price/1-200309201jr27.jpg"},
            {"lgimg":"../../static/price/1-200309201p0635.jpg"},
            {"lgimg":"../../static/price/1-200309201qk13.jpg"}],"smimgs":[
            {"smimg":"../../static/price/1-2003021t535o4.jpg"},
            {"smimg":"../../static/price/1-200309201i6238.jpg"},
            {"smimg":"../../static/price/1-200309201jr27.jpg"},
            {"smimg":"../../static/price/1-200309201p0635.jpg"},
            {"smimg":"../../static/price/1-200309201qk13.jpg"}
            ],"title1":"关晓彤《ALICE GARDEN》限定系列","price":"￥12980","ckprice":"￥14980","title2":"LA MEA妆底，打造完美妆容,GRACE KELLY礼服，你就是大牌,客照100%等于样照"
        }},
        {"img":"../../static/price/1-1q02620230q51.jpg","title":"2019全新《明星的选择》","price":"￥25980","num":"105张","take":"研发","suit":"5套","page":{"bigimgs":[
            {"lgimg":"../../static/price/1-2003021t535o4.jpg"},
            {"lgimg":"../../static/price/1-200309201i6238.jpg"},
            {"lgimg":"../../static/price/1-200309201jr27.jpg"},
            {"lgimg":"../../static/price/1-200309201p0635.jpg"},
            {"lgimg":"../../static/price/1-200309201qk13.jpg"}],"smimgs":[
            {"smimg":"../../static/price/1-2003021t535o4.jpg"},
            {"smimg":"../../static/price/1-200309201i6238.jpg"},
            {"smimg":"../../static/price/1-200309201jr27.jpg"},
            {"smimg":"../../static/price/1-200309201p0635.jpg"},
            {"smimg":"../../static/price/1-200309201qk13.jpg"}
            ],"title1":"关晓彤《ALICE GARDEN》限定系列","price":"￥12980","ckprice":"￥14980","title2":"LA MEA妆底，打造完美妆容,GRACE KELLY礼服，你就是大牌,客照100%等于样照"
        }}
    ]
}